"Season","Competition","Matchday","Date","Venue","Club","Opponent","Result","Playing_Position","Minute","At_score","Type","Goal_assist"
"04/05","liga","34","2005-01-05 00:00:00","h","barca","albacete balompie","2:00","cf","0","2:00","left-footed shot","Ronaldinho Gaacho"
"05/06","liga","13","2005-11-27 00:00:00","h","barca","racing santander","4:01","rw","51","2:00","left-footed shot","Samuel Etoo"
"05/06","liga","19","2006-01-15 00:00:00","h","barca","athletic bilbao","2:01","rw","50","2:01","left-footed shot","Mark van Bommel"
"05/06","liga","20","2006-01-22 00:00:00","h","barca","deportivo alaves","2:00","cf","82","2:00","left-footed shot","Ronaldinho Gaacho"
"05/06","liga","21","2006-01-29 00:00:00","a","barca","rcd mallorca","0:03","cf","75","0:02","right-footed shot","Sylvinho"
"05/06","liga","21","2006-01-29 00:00:00","a","barca","rcd mallorca","0:03","cf","83","0:03","left-footed shot","Ronaldinho Gaacho"
"05/06","copa del rey","quarter-finals","2006-01-02 00:00:00","h","barca","real zaragoza","2:01","cf","42","1:00","header","Ludovic Giuly"
"06/07","liga","1","2006-08-28 00:00:00","a","barca","celta de vigo","2:03","lw","59","1:02","left-footed shot","Andres Iniesta"
"06/07","liga","2","2006-09-09 00:00:00","h","barca","ca osasuna","3:00","rw","36","3:00","left-footed shot","Samuel Etoo"
"06/07","uefa champions league","group stage","2006-09-27 00:00:00","a","barca","sv werder bremen","1:01","rw","89","1:01","left-footed shot","Deco"
"06/07","liga","6","2006-10-15 00:00:00","h","barca","sevilla fc","3:01","rw","80","3:01","right-footed shot","Xavi"
"06/07","liga","26","2007-10-03 00:00:00","h","barca","real madrid","3:03","rw","11","1:01","left-footed shot","Samuel Etoo"
"06/07","liga","26","2007-10-03 00:00:00","h","barca","real madrid","3:03","rw","0","3:03","left-footed shot","Ronaldinho Gaacho"
"06/07","liga","28","2007-03-31 00:00:00","h","barca","deportivo de la coruaa","2:01","rw","45","1:00","left-footed shot","Ronaldinho Gaacho"
"06/07","copa del rey","semi-finals","2007-04-18 00:00:00","h","barca","getafe cf","5:02","rw","29","2:00","solo run","Xavi"
"06/07","copa del rey","semi-finals","2007-04-18 00:00:00","h","barca","getafe cf","5:02","rw","45","3:00","left-footed shot","Deco"
"06/07","liga","35","2007-05-20 00:00:00","a","barca","atletico de madrid","0:06","rw","39","0:01","left-footed shot","Samuel Etoo"
"06/07","liga","35","2007-05-20 00:00:00","a","barca","atletico de madrid","0:06","rw","80","0:05","left-footed shot","Giovanni van Bronckhorst"
"06/07","liga","37","2007-09-06 00:00:00","h","barca","rcd espanyol barcelona","2:02","rw","57","2:01","right-footed shot","Deco"
"06/07","liga","38","2007-06-17 00:00:00","a","barca","gimnastic de tarragona","1:05","rw","34","0:02","left-footed shot","Deco"
"06/07","liga","38","2007-06-17 00:00:00","a","barca","gimnastic de tarragona","1:05","rw","51","0:04","left-footed shot","Deco"
"07/08","uefa champions league","group stage","2007-09-19 00:00:00","h","barca","olympique lyon","3:00","rw","82","2:00","left-footed shot","Andres Iniesta"
"07/08","liga","4","2007-09-22 00:00:00","h","barca","sevilla fc","2:01","rw","72","1:00","left-footed shot","Thierry Henry"
"07/08","liga","5","2007-09-26 00:00:00","h","barca","real zaragoza","4:01","rw","5","1:00","left-footed shot","Thierry Henry"
"07/08","liga","5","2007-09-26 00:00:00","h","barca","real zaragoza","4:01","rw","10","2:01","left-footed shot","Deco"
"07/08","liga","6","2007-09-29 00:00:00","a","barca","levante ud","1:04","rw","50","0:04","left-footed shot","Deco"
"07/08","uefa champions league","group stage","2007-02-10 00:00:00","a","barca","vfb stuttgart","0:02","rw","66","0:02","deflected shot on goal","Thierry Henry"
"07/08","liga","7","2007-07-10 00:00:00","h","barca","atletico de madrid","3:00","rw","19","2:00","left-footed shot","Ronaldinho Gaacho"
"07/08","uefa champions league","group stage","2007-07-11 00:00:00","h","barca","rangers fc","2:00","rw","41","2:00","left-footed shot","Ronaldinho Gaacho"
"07/08","uefa champions league","last 16","2008-02-20 00:00:00","a","barca","celtic fc","2:03","rw","18","1:01","left-footed shot","Deco"
"07/08","liga","25","2008-02-24 00:00:00","h","barca","levante ud","5:01","rw","44","2:01","left-footed shot","Xavi"
"08/09","liga","3","2008-09-21 00:00:00","a","barca","sporting gijã³n","1:06","rw","85","1:05","left-footed shot","Andres Iniesta"
"08/09","liga","3","2008-09-21 00:00:00","a","barca","sporting gijã³n","1:06","rw","89","1:06","header","Xavi"
"08/09","uefa champions league","group stage","2008-01-10 00:00:00","a","barca","shakhtar donetsk","1:02","rw","87","1:01","right-footed shot","Bojan Krkic"
"08/09","uefa champions league","group stage","2008-01-10 00:00:00","a","barca","shakhtar donetsk","1:02","rw","0","1:02","left-footed shot","Xavi"
"08/09","uefa champions league","group stage","2008-10-22 00:00:00","a","barca","fc basel 1893","0:05","cf","4","0:01","left-footed shot","Dani Alves"
"08/09","uefa champions league","group stage","2008-04-11 00:00:00","h","barca","fc basel 1893","1:01","rw","61","1:00","left-footed shot","Thierry Henry"
"08/09","liga","11","2008-11-16 00:00:00","a","barca","recreativo huelva","0:02","rw","51","0:01","left-footed shot","Xavi"
"08/09","uefa champions league","group stage","2008-11-26 00:00:00","a","barca","sporting cp","2:05","rw","49","0:03","left-footed shot","Dani Alves"
"08/09","liga","13","2008-11-29 00:00:00","a","barca","sevilla fc","0:03","rw","78","0:02","left-footed shot","Xavi"
"08/09","liga","13","2008-11-29 00:00:00","a","barca","sevilla fc","0:03","rw","0","0:03","left-footed shot","Aleksandr Hleb"
"08/09","liga","15","2008-12-13 00:00:00","h","barca","real madrid","2:00","rw","89","2:00","counter attack goal","Thierry Henry"
"08/09","copa del rey","round of 16","2009-06-01 00:00:00","a","barca","atletico de madrid","1:03","rw","11","0:01","left-footed shot","Dani Alves"
"08/09","copa del rey","round of 16","2009-06-01 00:00:00","a","barca","atletico de madrid","1:03","rw","79","1:03","right-footed shot","Andres Iniesta"
"08/09","liga","18","2009-11-01 00:00:00","a","barca","ca osasuna","2:03","rw","84","2:03","left-footed shot","Dani Alves"
"08/09","liga","20","2009-01-24 00:00:00","h","barca","cd numancia","4:01","rw","49","1:00","left-footed shot","Dani Alves"
"08/09","liga","21","2009-01-02 00:00:00","a","barca","racing santander","1:02","rw","65","1:01","right-footed shot","Xavi"
"08/09","copa del rey","semi-finals","2009-04-03 00:00:00","a","barca","rcd mallorca","1:01","rw","81","1:01","left-footed shot","Gerard Pique"
"08/09","uefa champions league","last 16","2009-11-03 00:00:00","h","barca","olympique lyon","5:02","rw","40","3:00","left-footed shot","Samuel Etoo"
"08/09","liga","28","2009-03-22 00:00:00","h","barca","malaga cf","6:00","rw","26","2:00","right-footed shot","Xavi"
"08/09","uefa champions league","quarter-finals","2009-08-04 00:00:00","h","barca","bayern munich","4:00","rw","9","1:00","left-footed shot","Samuel Etoo"
"08/09","uefa champions league","quarter-finals","2009-08-04 00:00:00","h","barca","bayern munich","4:00","rw","38","3:00","right-footed shot","Thierry Henry"
"08/09","liga","31","2009-04-18 00:00:00","a","barca","getafe cf","0:01","rw","18","0:01","left-footed shot","Xavi"
"08/09","liga","33","2009-04-25 00:00:00","a","barca","valencia cf","2:02","rw","23","0:01","left-footed shot","Andres Iniesta"
"08/09","liga","34","2009-02-05 00:00:00","a","barca","real madrid","2:06","cf","35","1:03","left-footed shot","Xavi"
"08/09","liga","34","2009-02-05 00:00:00","a","barca","real madrid","2:06","cf","75","2:05","left-footed shot","Xavi"
"08/09","copa del rey","final","2009-05-13 00:00:00","h","barca","athletic bilbao","4:01","rw","55","2:01","left-footed shot","Samuel Etoo"
"08/09","uefa champions league","final","2009-05-27 00:00:00","h","barca","manchester united","2:00","cf","70","2:00","header","Xavi"
"09/10","supercopa","final","2009-08-23 00:00:00","h","barca","athletic bilbao","3:00","rw","50","1:00","right-footed shot","Zlatan Ibrahimovic"
"09/10","liga","2","2009-12-09 00:00:00","a","barca","getafe cf","0:02","rw","78","0:02","header","Zlatan Ibrahimovic"
"09/10","liga","3","2009-09-19 00:00:00","h","barca","atletico de madrid","5:02","rw","15","2:00","left-footed shot","Xavi"
"09/10","liga","3","2009-09-19 00:00:00","h","barca","atletico de madrid","5:02","rw","0","5:02","right-footed shot","Dani Alves"
"09/10","liga","4","2009-09-22 00:00:00","a","barca","racing santander","1:04","rw","23","0:02","left-footed shot","Xavi"
"09/10","liga","4","2009-09-22 00:00:00","a","barca","racing santander","1:04","rw","63","0:04","left-footed shot","Xavi"
"09/10","uefa champions league","group stage","2009-09-29 00:00:00","h","barca","dynamo kyiv","2:00","rw","25","1:00","left-footed shot","Andres Iniesta"
"09/10","liga","8","2009-10-25 00:00:00","h","barca","real zaragoza","6:01","rw","80","5:01","left-footed shot","Andres Iniesta"
"09/10","copa del rey","5th round","2009-10-11 00:00:00","h","barca","cultural leonesa","5:00","rw","64","4:00","left-footed shot","Pedro"
"09/10","liga","13","2009-05-12 00:00:00","a","barca","deportivo de la coruaa","1:03","rw","26","0:01","left-footed shot","Dani Alves"
"09/10","liga","13","2009-05-12 00:00:00","a","barca","deportivo de la coruaa","1:03","rw","80","1:02","header","Pedro"
"09/10","fifa club world cup","semi-finals","2009-12-16 00:00:00","a","barca","cf atlante","1:03","rw","55","1:02","left-footed shot","Zlatan Ibrahimovic"
"09/10","fifa club world cup","final","2009-12-19 00:00:00","a","barca","club estudiantes de la plata","1:2 AET","rw","110","1:02","chest","Dani Alves"
"09/10","liga","17","2010-10-01 00:00:00","a","barca","cd tenerife","0:05","rw","36","0:01","left-footed shot","Bojan Krkic"
"09/10","liga","17","2010-10-01 00:00:00","a","barca","cd tenerife","0:05","rw","45","0:03","right-footed shot","Bojan Krkic"
"09/10","liga","17","2010-10-01 00:00:00","a","barca","cd tenerife","0:05","rw","75","0:04","left-footed shot","Bojan Krkic"
"09/10","liga","18","2010-01-16 00:00:00","h","barca","sevilla fc","4:00","rw","85","3:00","left-footed shot","Dani Alves"
"09/10","liga","18","2010-01-16 00:00:00","h","barca","sevilla fc","4:00","rw","0","4:00","left-footed shot","Ã‰ric Abidal"
"09/10","liga","19","2010-01-23 00:00:00","a","barca","real valladolid cf","0:03","rw","54","0:03","left-footed shot","Zlatan Ibrahimovic"
"09/10","liga","21","2010-06-02 00:00:00","h","barca","getafe cf","2:01","rw","7","1:00","left-footed shot","Yaya Toure"
"09/10","liga","24","2010-02-27 00:00:00","h","barca","malaga cf","2:01","rw","84","2:01","right-footed shot","Dani Alves"
"09/10","liga","26","2010-03-14 00:00:00","h","barca","valencia cf","3:00","cf","56","1:00","left-footed shot","Xavi"
"09/10","liga","26","2010-03-14 00:00:00","h","barca","valencia cf","3:00","cf","80","2:00","left-footed shot","Thierry Henry"
"09/10","liga","26","2010-03-14 00:00:00","h","barca","valencia cf","3:00","cf","82","3:00","right-footed shot","Thierry Henry"
"09/10","uefa champions league","last 16","2010-03-17 00:00:00","h","barca","vfb stuttgart","4:00","cf","13","1:00","left-footed shot","Yaya Toure"
"09/10","uefa champions league","last 16","2010-03-17 00:00:00","h","barca","vfb stuttgart","4:00","cf","56","3:00","left-footed shot","Dani Alves"
"09/10","liga","27","2010-03-21 00:00:00","a","barca","real zaragoza","2:04","rw","4","0:01","header","Pedro"
"09/10","liga","27","2010-03-21 00:00:00","a","barca","real zaragoza","2:04","rw","78","0:03","left-footed shot","Andres Iniesta"
"09/10","liga","30","2010-03-04 00:00:00","h","barca","athletic bilbao","4:01","cf","67","4:00","left-footed shot","Pedro"
"09/10","uefa champions league","quarter-finals","2010-06-04 00:00:00","h","barca","arsenal fc","4:01","cf","37","2:01","right-footed shot","Pedro"
"09/10","uefa champions league","quarter-finals","2010-06-04 00:00:00","h","barca","arsenal fc","4:01","cf","42","3:01","left-footed shot","Seydou Keita"
"09/10","uefa champions league","quarter-finals","2010-06-04 00:00:00","h","barca","arsenal fc","4:01","cf","88","4:01","left-footed shot","Xavi"
"09/10","liga","31","2010-10-04 00:00:00","a","barca","real madrid","0:02","cf","32","0:01","right-footed shot","Xavi"
"09/10","liga","35","2010-01-05 00:00:00","a","barca","villarreal cf","1:04","rw","18","0:01","left-footed shot","Xavi"
"09/10","liga","35","2010-01-05 00:00:00","a","barca","villarreal cf","1:04","rw","87","1:04","left-footed shot","Dani Alves"
"09/10","liga","36","2010-04-05 00:00:00","h","barca","cd tenerife","4:01","rw","16","1:00","right-footed shot","Zlatan Ibrahimovic"
"09/10","liga","36","2010-04-05 00:00:00","h","barca","cd tenerife","4:01","rw","0","4:01","right-footed shot","Dani Alves"
"09/10","liga","37","2010-08-05 00:00:00","a","barca","sevilla fc","2:03","rw","5","0:01","left-footed shot","Maxwell"
"09/10","liga","38","2010-05-16 00:00:00","h","barca","real valladolid cf","4:00","rw","61","3:00","right-footed shot","Yaya Toure"
"09/10","liga","38","2010-05-16 00:00:00","h","barca","real valladolid cf","4:00","rw","74","4:00","left-footed shot","Yaya Toure"
"10/11","supercopa","final","2010-08-21 00:00:00","h","barca","sevilla fc","4:00","rw","25","2:00","left-footed shot","Xavi"
"10/11","supercopa","final","2010-08-21 00:00:00","h","barca","sevilla fc","4:00","rw","43","3:00","right-footed shot","Dani Alves"
"10/11","supercopa","final","2010-08-21 00:00:00","h","barca","sevilla fc","4:00","rw","0","4:00","left-footed shot","Andres Iniesta"
"10/11","liga","1","2010-08-29 00:00:00","a","barca","racing santander","0:03","rw","3","0:01","left-footed shot","Andres Iniesta"
"10/11","uefa champions league","group stage","2010-09-14 00:00:00","h","barca","panathinaikos athens","5:01","cf","22","1:01","left-footed shot","Xavi"
"10/11","uefa champions league","group stage","2010-09-14 00:00:00","h","barca","panathinaikos athens","5:01","cf","45","3:01","left-footed shot","Pedro"
"10/11","liga","3","2010-09-19 00:00:00","a","barca","atletico de madrid","1:02","cf","12","0:01","left-footed shot","Pedro"
"10/11","liga","6","2010-03-10 00:00:00","h","barca","rcd mallorca","1:01","cf","20","1:00","left-footed shot","Pedro"
"10/11","uefa champions league","group stage","2010-10-20 00:00:00","h","barca","fc copenhagen","2:00","cf","18","1:00","left-footed shot","Andres Iniesta"
"10/11","uefa champions league","group stage","2010-10-20 00:00:00","h","barca","fc copenhagen","2:00","cf","0","2:00","left-footed shot","Ã‰ric Abidal"
"10/11","liga","8","2010-10-23 00:00:00","a","barca","real zaragoza","0:02","cf","41","0:01","left-footed shot","David Villa"
"10/11","liga","10","2010-07-11 00:00:00","a","barca","getafe cf","1:03","cf","23","0:01","left-footed shot","David Villa"
"10/11","copa del rey","4th round","2010-10-11 00:00:00","h","barca","club atletico de ceuta","5:01","rw","67","5:01","left-footed shot","Thiago"
"10/11","liga","11","2010-11-13 00:00:00","h","barca","villarreal cf","3:01","cf","58","2:01","right-footed shot","Pedro"
"10/11","liga","11","2010-11-13 00:00:00","h","barca","villarreal cf","3:01","cf","83","3:01","left-footed shot","Pedro"
"10/11","liga","12","2010-11-20 00:00:00","a","barca","ud almera","0:08","cf","16","0:01","left-footed shot","David Villa"
"10/11","liga","12","2010-11-20 00:00:00","a","barca","ud almera","0:08","cf","67","0:07","tap-in","David Villa"
"10/11","uefa champions league","group stage","2010-11-24 00:00:00","a","barca","panathinaikos athens","0:03","cf","63","0:02","left-footed shot","Adriano"
"10/11","liga","14","2010-04-12 00:00:00","a","barca","ca osasuna","0:03","cf","64","0:02","left-footed shot","David Villa"
"10/11","liga","15","2010-12-12 00:00:00","h","barca","real sociedad","5:00","cf","46","3:00","left-footed shot","Dani Alves"
"10/11","liga","15","2010-12-12 00:00:00","h","barca","real sociedad","5:00","cf","86","4:00","left-footed shot","Bojan Krkic"
"10/11","copa del rey","quarter-finals","2011-12-01 00:00:00","h","barca","real betis balompie","5:00","cf","44","1:00","left-footed shot","Andres Iniesta"
"10/11","copa del rey","quarter-finals","2011-12-01 00:00:00","h","barca","real betis balompie","5:00","cf","73","3:00","left-footed shot","Xavi"
"10/11","copa del rey","quarter-finals","2011-01-19 00:00:00","a","barca","real betis balompie","3:01","rw","37","2:01","left-footed shot","Xavi"
"10/11","copa del rey","semi-finals","2011-01-26 00:00:00","h","barca","ud almera","5:00","cf","9","1:00","left-footed shot","Pedro"
"10/11","copa del rey","semi-finals","2011-01-26 00:00:00","h","barca","ud almera","5:00","cf","15","3:00","left-footed shot","Andres Iniesta"
"10/11","liga","21","2011-01-29 00:00:00","a","barca","hercules cf","0:03","cf","87","0:02","left-footed shot","Dani Alves"
"10/11","liga","21","2011-01-29 00:00:00","a","barca","hercules cf","0:03","cf","89","0:03","left-footed shot","Dani Alves"
"10/11","liga","22","2011-05-02 00:00:00","h","barca","atletico de madrid","3:00","cf","16","1:00","left-footed shot","Dani Alves"
"10/11","liga","22","2011-05-02 00:00:00","h","barca","atletico de madrid","3:00","cf","28","2:00","left-footed shot","Pedro"
"10/11","liga","22","2011-05-02 00:00:00","h","barca","atletico de madrid","3:00","cf","78","3:00","left-footed shot","David Villa"
"10/11","liga","24","2011-02-20 00:00:00","h","barca","athletic bilbao","2:01","cf","78","2:01","right-footed shot","Dani Alves"
"10/11","liga","25","2011-02-26 00:00:00","a","barca","rcd mallorca","0:03","cf","38","0:01","header","Seydou Keita"
"10/11","liga","26","2011-02-03 00:00:00","a","barca","valencia cf","0:01","cf","77","0:01","left-footed shot","Adriano"
"10/11","uefa champions league","last 16","2011-08-03 00:00:00","h","barca","arsenal fc","3:01","rw","49","1:00","left-footed shot","Andres Iniesta"
"10/11","liga","31","2011-09-04 00:00:00","h","barca","ud almera","3:01","cf","0","3:01","left-footed shot","Seydou Keita"
"10/11","uefa champions league","quarter-finals","2011-12-04 00:00:00","a","barca","shakhtar donetsk","0:01","cf","42","0:01","left-footed shot","Dani Alves"
"10/11","liga","33","2011-04-23 00:00:00","h","barca","ca osasuna","2:00","cf","87","2:00","right-footed shot","Dani Alves"
"10/11","uefa champions league","semi-finals","2011-04-27 00:00:00","a","barca","real madrid","0:02","cf","76","0:01","left-footed shot","Ibrahim Afellay"
"10/11","uefa champions league","semi-finals","2011-04-27 00:00:00","a","barca","real madrid","0:02","cf","87","0:02","solo run","Sergio Busquets"
"10/11","uefa champions league","final","2011-05-28 00:00:00","h","barca","manchester united","3:01","cf","54","2:01","left-footed shot","Andres Iniesta"
"11-Dec","supercopa","final","2011-08-14 00:00:00","a","barca","real madrid","2:02","cf","45","1:02","left-footed shot","Thiago"
"11-Dec","supercopa","final","2011-08-17 00:00:00","h","barca","real madrid","3:02","cf","44","2:01","right-footed shot","Gerard Pique"
"11-Dec","supercopa","final","2011-08-17 00:00:00","h","barca","real madrid","3:02","cf","88","3:02","left-footed shot","Adriano"
"11-Dec","liga","2","2011-08-29 00:00:00","h","barca","villarreal cf","5:00","cf","51","4:00","right-footed shot","Andres Iniesta"
"11-Dec","liga","2","2011-08-29 00:00:00","h","barca","villarreal cf","5:00","cf","74","5:00","left-footed shot","Thiago"
"11-Dec","liga","4","2011-09-17 00:00:00","h","barca","ca osasuna","8:00","cf","5","1:00","left-footed shot","Dani Alves"
"11-Dec","liga","4","2011-09-17 00:00:00","h","barca","ca osasuna","8:00","cf","41","5:00","left-footed shot","Cesc Fabregas"
"11-Dec","liga","4","2011-09-17 00:00:00","h","barca","ca osasuna","8:00","cf","79","8:00","left-footed shot","Cesc Fabregas"
"11-Dec","liga","6","2011-09-24 00:00:00","h","barca","atletico de madrid","5:00","cf","26","3:00","left-footed shot","Pedro"
"11-Dec","liga","6","2011-09-24 00:00:00","h","barca","atletico de madrid","5:00","cf","78","4:00","left-footed shot","Dani Alves"
"11-Dec","liga","6","2011-09-24 00:00:00","h","barca","atletico de madrid","5:00","cf","0","5:00","left-footed shot","David Villa"
"11-Dec","uefa champions league","group stage","2011-09-28 00:00:00","a","barca","bate borisov","0:05","cf","56","0:04","left-footed shot","Dani Alves"
"11-Dec","liga","8","2011-10-15 00:00:00","h","barca","racing santander","3:00","cf","11","1:00","right-footed shot","Andres Iniesta"
"11-Dec","liga","11","2011-10-29 00:00:00","h","barca","rcd mallorca","5:00","cf","21","2:00","right-footed shot","Adriano"
"11-Dec","liga","11","2011-10-29 00:00:00","h","barca","rcd mallorca","5:00","cf","30","3:00","left-footed shot","Dani Alves"
"11-Dec","uefa champions league","group stage","2011-01-11 00:00:00","a","barca","fc viktoria plzen","0:04","cf","0","0:02","left-footed shot","Adriano"
"11-Dec","uefa champions league","group stage","2011-01-11 00:00:00","a","barca","fc viktoria plzen","0:04","cf","0","0:04","left-footed shot","Gerard Pique"
"11-Dec","liga","13","2011-11-19 00:00:00","h","barca","real zaragoza","4:00","cf","43","2:00","right-footed shot","Cesc Fabregas"
"11-Dec","liga","17","2011-11-29 00:00:00","h","barca","rayo vallecano","4:00","cf","49","4:00","left-footed shot","Dani Alves"
"11-Dec","liga","15","2011-03-12 00:00:00","h","barca","levante ud","5:00","cf","55","4:00","left-footed shot","Dani Alves"
"11-Dec","fifa club world cup","final","2011-12-18 00:00:00","a","barca","santos fc","0:04","rw","17","0:01","left-footed shot","Xavi"
"11-Dec","fifa club world cup","final","2011-12-18 00:00:00","a","barca","santos fc","0:04","rw","82","0:04","left-footed shot","Dani Alves"
"11-Dec","copa del rey","last 16","2012-04-01 00:00:00","h","barca","ca osasuna","4:00","cf","71","3:00","header","Cesc Fabregas"
"11-Dec","copa del rey","last 16","2012-04-01 00:00:00","h","barca","ca osasuna","4:00","cf","90","4:00","left-footed shot","Xavi"
"11-Dec","liga","19","2012-01-15 00:00:00","h","barca","real betis balompie","4:02","cf","12","2:00","right-footed shot","Alexis Sanchez"
"11-Dec","liga","1","2012-01-22 00:00:00","a","barca","malaga cf","1:04","cf","32","0:01","header","Adriano"
"11-Dec","liga","1","2012-01-22 00:00:00","a","barca","malaga cf","1:04","cf","51","0:03","left-footed shot","Thiago"
"11-Dec","liga","1","2012-01-22 00:00:00","a","barca","malaga cf","1:04","cf","77","0:04","left-footed shot","Pedro"
"11-Dec","liga","22","2012-04-02 00:00:00","h","barca","real sociedad","2:01","cf","72","2:00","left-footed shot","Dani Alves"
"11-Dec","uefa champions league","last 16","2012-02-14 00:00:00","a","barca","bayer 04 leverkusen","1:03","cf","88","1:03","left-footed shot","Dani Alves"
"11-Dec","liga","24","2012-02-19 00:00:00","h","barca","valencia cf","5:01","cf","75","3:01","left-footed shot","Cristian Tello"
"11-Dec","liga","24","2012-02-19 00:00:00","h","barca","valencia cf","5:01","cf","84","4:01","left-footed shot","Sergio Busquets"
"11-Dec","uefa champions league","last 16","2012-07-03 00:00:00","h","barca","bayer 04 leverkusen","7:01","cf","25","1:00","left-footed shot","Xavi"
"11-Dec","uefa champions league","last 16","2012-07-03 00:00:00","h","barca","bayer 04 leverkusen","7:01","cf","42","2:00","left-footed shot","Andres Iniesta"
"11-Dec","uefa champions league","last 16","2012-07-03 00:00:00","h","barca","bayer 04 leverkusen","7:01","cf","50","3:00","right-footed shot","Cesc Fabregas"
"11-Dec","uefa champions league","last 16","2012-07-03 00:00:00","h","barca","bayer 04 leverkusen","7:01","cf","85","7:00","left-footed shot","Seydou Keita"
"11-Dec","liga","27","2012-11-03 00:00:00","a","barca","racing santander","0:02","cf","28","0:01","left-footed shot","Cesc Fabregas"
"11-Dec","liga","28","2012-03-17 00:00:00","a","barca","sevilla fc","0:02","cf","25","0:02","left-footed shot","Andres Iniesta"
"11-Dec","liga","29","2012-03-20 00:00:00","h","barca","granada cf","5:03","cf","16","2:00","left-footed shot","Isaac Cuenca"
"11-Dec","liga","29","2012-03-20 00:00:00","h","barca","granada cf","5:03","cf","66","3:02","left-footed shot","Dani Alves"
"11-Dec","liga","29","2012-03-20 00:00:00","h","barca","granada cf","5:03","cf","85","5:02","left-footed shot","Dani Alves"
"11-Dec","liga","32","2012-07-04 00:00:00","a","barca","real zaragoza","1:04","cf","39","1:02","left-footed shot","Alexis Sanchez"
"11-Dec","liga","33","2012-10-04 00:00:00","h","barca","getafe cf","4:00","cf","44","2:00","left-footed shot","Andres Iniesta"
"11-Dec","liga","34","2012-04-14 00:00:00","a","barca","levante ud","1:02","cf","64","1:01","left-footed shot","Alexis Sanchez"
"11-Dec","liga","36","2012-04-29 00:00:00","a","barca","rayo vallecano","0:07","cf","16","0:01","left-footed shot","Pedro"
"11-Dec","liga","36","2012-04-29 00:00:00","a","barca","rayo vallecano","0:07","cf","88","0:07","left-footed shot","Pedro"
"11-Dec","liga","20","2012-02-05 00:00:00","h","barca","malaga cf","4:01","cf","63","4:01","left-footed shot","Andres Iniesta"
"11-Dec","liga","37","2012-05-05 00:00:00","h","barca","rcd espanyol barcelona","4:00","cf","73","3:00","left-footed shot","Adriano"
"11-Dec","copa del rey","final","2012-05-25 00:00:00","h","barca","athletic bilbao","3:00","cf","20","2:00","right-footed shot","Andres Iniesta"
"Dec-13","liga","1","2012-08-19 00:00:00","h","barca","real sociedad","5:01","cf","10","2:01","left-footed shot","Pedro"
"Dec-13","liga","1","2012-08-19 00:00:00","h","barca","real sociedad","5:01","cf","15","3:01","left-footed shot","Cristian Tello"
"Dec-13","liga","2","2012-08-26 00:00:00","a","barca","ca osasuna","1:02","cf","74","1:01","left-footed shot","Alexis Sanchez"
"Dec-13","liga","2","2012-08-26 00:00:00","a","barca","ca osasuna","1:02","cf","79","1:02","left-footed shot","Jordi Alba"
"Dec-13","liga","4","2012-09-15 00:00:00","a","barca","getafe cf","1:04","cf","78","0:03","left-footed shot","Pedro"
"Dec-13","uefa champions league","group stage","2012-09-19 00:00:00","h","barca","spartak moscow","3:02","cf","71","2:02","left-footed shot","Cristian Tello"
"Dec-13","uefa champions league","group stage","2012-09-19 00:00:00","h","barca","spartak moscow","3:02","cf","80","3:02","header","Alexis Sanchez"
"Dec-13","liga","8","2012-10-20 00:00:00","a","barca","deportivo de la coruaa","4:05","cf","17","0:03","left-footed shot","Cesc Fabregas"
"Dec-13","liga","8","2012-10-20 00:00:00","a","barca","deportivo de la coruaa","4:05","cf","43","2:04","left-footed shot","Cesc Fabregas"
"Dec-13","liga","8","2012-10-20 00:00:00","a","barca","deportivo de la coruaa","4:05","cf","76","3:05","left-footed shot","Xavi"
"Dec-13","liga","9","2012-10-27 00:00:00","a","barca","rayo vallecano","0:05","cf","48","0:02","left-footed shot","Marta Montoya"
"Dec-13","liga","9","2012-10-27 00:00:00","a","barca","rayo vallecano","0:05","cf","89","0:05","right-footed shot","Cesc Fabregas"
"Dec-13","liga","11","2012-11-11 00:00:00","a","barca","rcd mallorca","2:04","cf","43","0:02","left-footed shot","Sergio Busquets"
"Dec-13","liga","11","2012-11-11 00:00:00","a","barca","rcd mallorca","2:04","cf","70","2:04","left-footed shot","Alexis Sanchez"
"Dec-13","liga","12","2012-11-17 00:00:00","h","barca","real zaragoza","3:01","cf","15","1:00","left-footed shot","Jordi Alba"
"Dec-13","liga","12","2012-11-17 00:00:00","h","barca","real zaragoza","3:01","cf","60","3:01","left-footed shot","Marta Montoya"
"Dec-13","uefa champions league","group stage","2012-11-20 00:00:00","a","barca","spartak moscow","0:03","cf","39","0:03","left-footed shot","Pedro"
"Dec-13","liga","13","2012-11-25 00:00:00","a","barca","levante ud","0:04","cf","46","0:01","left-footed shot","Andres Iniesta"
"Dec-13","liga","13","2012-11-25 00:00:00","a","barca","levante ud","0:04","cf","51","0:02","left-footed shot","Andres Iniesta"
"Dec-13","liga","14","2012-01-12 00:00:00","h","barca","athletic bilbao","5:01","cf","24","2:00","left-footed shot","Xavi"
"Dec-13","liga","14","2012-01-12 00:00:00","h","barca","athletic bilbao","5:01","cf","69","5:01","right-footed shot","Pedro"
"Dec-13","liga","15","2012-09-12 00:00:00","a","barca","real betis balompie","1:02","cf","16","0:01","left-footed shot","Andres Iniesta"
"Dec-13","liga","15","2012-09-12 00:00:00","a","barca","real betis balompie","1:02","cf","25","0:02","left-footed shot","Andres Iniesta"
"Dec-13","copa del rey","last 16","2012-12-12 00:00:00","a","barca","cã³rdoba cf","0:02","cf","10","0:01","left-footed shot","David Villa"
"Dec-13","copa del rey","last 16","2012-12-12 00:00:00","a","barca","cã³rdoba cf","0:02","cf","73","0:02","left-footed shot","Alexis Sanchez"
"Dec-13","liga","16","2012-12-16 00:00:00","h","barca","atletico de madrid","4:01","cf","58","3:01","left-footed shot","Alexis Sanchez"
"Dec-13","liga","17","2012-12-22 00:00:00","a","barca","real valladolid cf","1:03","cf","59","0:02","left-footed shot","Xavi"
"Dec-13","liga","20","2013-01-19 00:00:00","a","barca","real sociedad","3:02","cf","6","0:01","left-footed shot","Andres Iniesta"
"Dec-13","copa del rey","quarter-finals","2013-01-24 00:00:00","a","barca","malaga cf","2:04","cf","79","2:04","header","Dani Alves"
"Dec-13","liga","21","2013-01-27 00:00:00","h","barca","ca osasuna","5:01","cf","11","1:00","right-footed shot","Xavi"
"Dec-13","liga","21","2013-01-27 00:00:00","h","barca","ca osasuna","5:01","cf","56","4:01","left-footed shot","David Villa"
"Dec-13","liga","21","2013-01-27 00:00:00","h","barca","ca osasuna","5:01","cf","58","5:01","left-footed shot","Adriano"
"Dec-13","liga","23","2013-10-02 00:00:00","h","barca","getafe cf","6:01","cf","13","2:00","left-footed shot","Thiago"
"Dec-13","liga","25","2013-02-23 00:00:00","h","barca","sevilla fc","2:01","cf","60","2:01","left-footed shot","Cristian Tello"
"Dec-13","liga","26","2013-02-03 00:00:00","a","barca","real madrid","2:01","cf","18","1:01","left-footed shot","Dani Alves"
"Dec-13","liga","27","2013-09-03 00:00:00","h","barca","deportivo de la coruaa","2:00","cf","88","2:00","left-footed shot","Alexis Sanchez"
"Dec-13","uefa champions league","last 16","2013-12-03 00:00:00","h","barca","ac milan","4:00","cf","5","1:00","left-footed shot","Xavi"
"Dec-13","uefa champions league","last 16","2013-12-03 00:00:00","h","barca","ac milan","4:00","cf","40","2:00","left-footed shot","Andres Iniesta"
"Dec-13","liga","28","2013-03-17 00:00:00","h","barca","rayo vallecano","3:01","cf","40","2:00","left-footed shot","David Villa"
"Dec-13","liga","28","2013-03-17 00:00:00","h","barca","rayo vallecano","3:01","cf","57","3:00","left-footed shot","David Villa"
"Dec-13","liga","29","2013-03-30 00:00:00","a","barca","celta de vigo","2:02","cf","73","1:02","left-footed shot","Cristian Tello"
"Dec-13","uefa champions league","quarter-finals","2013-02-04 00:00:00","a","barca","paris saint-germain","2:02","cf","38","0:01","left-footed shot","Dani Alves"
"Dec-13","liga","33","2013-04-27 00:00:00","a","barca","athletic bilbao","2:02","cf","67","1:01","left-footed shot","Thiago"
"Dec-13","liga","34","2013-05-05 00:00:00","h","barca","real betis balompie","4:02","cf","71","4:02","left-footed shot","Alexis Sanchez"
"13/14","liga","1","2013-08-18 00:00:00","h","barca","levante ud","7:00","cf","13","2:00","left-footed shot","Pedro"
"13/14","liga","3","2013-01-09 00:00:00","a","barca","valencia cf","2:03","cf","11","0:01","left-footed shot","Cesc Fabregas"
"13/14","liga","3","2013-01-09 00:00:00","a","barca","valencia cf","2:03","cf","39","0:02","right-footed shot","Cesc Fabregas"
"13/14","liga","3","2013-01-09 00:00:00","a","barca","valencia cf","2:03","cf","41","0:03","left-footed shot","Neymar"
"13/14","liga","4","2013-09-14 00:00:00","h","barca","sevilla fc","3:02","cf","75","2:00","left-footed shot","Neymar"
"13/14","uefa champions league","group stage","2013-09-18 00:00:00","h","barca","ajax amsterdam","4:00","cf","55","2:00","left-footed shot","Sergio Busquets"
"13/14","uefa champions league","group stage","2013-09-18 00:00:00","h","barca","ajax amsterdam","4:00","cf","75","4:00","left-footed shot","Xavi"
"13/14","liga","6","2013-09-24 00:00:00","h","barca","real sociedad","4:01","cf","8","2:00","header","Neymar"
"13/14","liga","7","2013-09-28 00:00:00","a","barca","ud almera","0:02","cf","21","0:01","left-footed shot","Pedro"
"13/14","uefa champions league","group stage","2013-10-22 00:00:00","a","barca","ac milan","1:01","cf","23","1:01","left-footed shot","Andres Iniesta"
"13/14","uefa champions league","group stage","2013-06-11 00:00:00","h","barca","ac milan","3:01","cf","83","3:01","left-footed shot","Cesc Fabregas"
"13/14","copa del rey","last 16","2014-08-01 00:00:00","h","barca","getafe cf","4:00","cf","90","3:00","left-footed shot","Marta Montoya"
"13/14","copa del rey","last 16","2014-08-01 00:00:00","h","barca","getafe cf","4:00","cf","0","4:00","left-footed shot","Alex Song"
"13/14","copa del rey","last 16","2014-01-16 00:00:00","a","barca","getafe cf","0:02","cf","43","0:01","right-footed shot","Cristian Tello"
"13/14","liga","23","2014-09-02 00:00:00","a","barca","sevilla fc","1:04","cf","44","1:02","left-footed shot","Pedro"
"13/14","liga","23","2014-09-02 00:00:00","a","barca","sevilla fc","1:04","cf","56","1:03","left-footed shot","Andres Iniesta"
"13/14","liga","24","2014-02-15 00:00:00","h","barca","rayo vallecano","6:00","cf","36","2:00","left-footed shot","Cesc Fabregas"
"13/14","liga","24","2014-02-15 00:00:00","h","barca","rayo vallecano","6:00","cf","68","5:00","left-footed shot","Alexis Sanchez"
"13/14","liga","25","2014-02-22 00:00:00","a","barca","real sociedad","3:01","cf","36","1:01","left-footed shot","Marta Montoya"
"13/14","liga","28","2014-03-16 00:00:00","h","barca","ca osasuna","7:00","cf","18","1:00","left-footed shot","Alexis Sanchez"
"13/14","liga","28","2014-03-16 00:00:00","h","barca","ca osasuna","7:00","cf","63","4:00","left-footed shot","Andres Iniesta"
"13/14","liga","28","2014-03-16 00:00:00","h","barca","ca osasuna","7:00","cf","88","6:00","right-footed shot","Dani Alves"
"13/14","liga","29","2014-03-23 00:00:00","a","barca","real madrid","3:04","cf","42","2:02","left-footed shot","Neymar"
"13/14","liga","30","2014-03-26 00:00:00","h","barca","celta de vigo","3:00","cf","30","2:00","right-footed shot","Andres Iniesta"
"13/14","liga","32","2014-05-04 00:00:00","h","barca","real betis balompie","3:01","cf","86","3:01","penalty rebound","Antonio A05a"
"13/14","liga","35","2014-04-27 00:00:00","a","barca","villarreal cf","2:03","cf","83","2:03","right-footed shot","Cesc Fabregas"
"13/14","liga","36","2014-03-05 00:00:00","h","barca","getafe cf","2:02","cf","23","1:00","left-footed shot","Dani Alves"
"14/15","liga","1","2014-08-24 00:00:00","h","barca","elche cf","3:00","cf","42","1:00","left-footed shot","Sergio Busquets"
"14/15","liga","6","2014-09-27 00:00:00","h","barca","granada cf","6:00","cf","62","4:00","header","Dani Alves"
"14/15","uefa champions league","group stage","2014-09-30 00:00:00","a","barca","paris saint-germain","3:02","rw","12","1:01","left-footed shot","Andres Iniesta"
"14/15","liga","7","2014-04-10 00:00:00","a","barca","rayo vallecano","0:02","cf","35","0:01","left-footed shot","Gerard Pique"
"14/15","liga","8","2014-10-18 00:00:00","h","barca","sd eibar","3:00","cf","74","3:00","left-footed shot","Neymar"
"14/15","uefa champions league","group stage","2014-10-21 00:00:00","h","barca","ajax amsterdam","3:01","cf","24","2:00","left-footed shot","Andres Iniesta"
"14/15","uefa champions league","group stage","2014-05-11 00:00:00","a","barca","ajax amsterdam","0:02","rw","36","0:01","header","Marc Bartra"
"14/15","uefa champions league","group stage","2014-05-11 00:00:00","a","barca","ajax amsterdam","0:02","rw","76","0:02","left-footed shot","Pedro"
"14/15","liga","12","2014-11-22 00:00:00","h","barca","sevilla fc","5:01","rw","73","4:01","tap-in","Neymar"
"14/15","liga","12","2014-11-22 00:00:00","h","barca","sevilla fc","5:01","rw","78","5:01","left-footed shot","Neymar"
"14/15","uefa champions league","group stage","2014-11-25 00:00:00","a","barca","apoel nicosia","0:04","cf","38","0:02","right-footed shot","Rafinha"
"14/15","uefa champions league","group stage","2014-11-25 00:00:00","a","barca","apoel nicosia","0:04","cf","58","0:03","right-footed shot","Dani Alves"
"14/15","uefa champions league","group stage","2014-11-25 00:00:00","a","barca","apoel nicosia","0:04","cf","87","0:04","right-footed shot","Pedro"
"14/15","liga","14","2014-07-12 00:00:00","h","barca","rcd espanyol barcelona","5:01","rw","0","1:01","left-footed shot","Xavi"
"14/15","liga","14","2014-07-12 00:00:00","h","barca","rcd espanyol barcelona","5:01","rw","50","2:01","right-footed shot","Luis Suarez"
"14/15","liga","14","2014-07-12 00:00:00","h","barca","rcd espanyol barcelona","5:01","rw","81","5:01","right-footed shot","Pedro"
"14/15","uefa champions league","group stage","2014-10-12 00:00:00","h","barca","paris saint-germain","3:01","am","19","1:01","right-footed shot","Luis Suarez"
"14/15","liga","19","2015-01-18 00:00:00","a","barca","deportivo de la coruaa","0:04","rw","11","0:01","header","Ivan Rakitic"
"14/15","liga","19","2015-01-18 00:00:00","a","barca","deportivo de la coruaa","0:04","rw","33","0:02","left-footed shot","Luis Suarez"
"14/15","liga","19","2015-01-18 00:00:00","a","barca","deportivo de la coruaa","0:04","rw","62","0:03","left-footed shot","Ivan Rakitic"
"14/15","liga","20","2015-01-24 00:00:00","a","barca","elche cf","0:06","cf","88","0:05","left-footed shot","Marc Bartra"
"14/15","liga","21","2015-01-02 00:00:00","h","barca","villarreal cf","3:02","rw","55","3:02","right-footed shot","Luis Suarez"
"14/15","copa del rey","semi-finals","2015-11-02 00:00:00","h","barca","villarreal cf","3:01","rw","41","1:00","left-footed shot","Luis Suarez"
"14/15","liga","23","2015-02-15 00:00:00","h","barca","levante ud","5:00","cf","38","2:00","right-footed shot","Marc Bartra"
"14/15","liga","23","2015-02-15 00:00:00","h","barca","levante ud","5:00","cf","59","3:00","right-footed shot","Pedro"
"14/15","liga","25","2015-02-28 00:00:00","a","barca","granada cf","1:03","rw","70","1:03","right-footed shot","Luis Suarez"
"14/15","liga","26","2015-08-03 00:00:00","h","barca","rayo vallecano","6:01","rw","68","5:00","left-footed shot","Pedro"
"14/15","liga","27","2015-03-14 00:00:00","a","barca","sd eibar","0:02","rw","55","0:02","header","Ivan Rakitic"
"14/15","liga","30","2015-08-04 00:00:00","h","barca","ud almera","4:00","rw","33","1:00","left-footed shot","Marc Bartra"
"14/15","liga","31","2015-11-04 00:00:00","a","barca","sevilla fc","2:02","rw","15","0:01","left-footed shot","Neymar"
"14/15","liga","33","2015-04-25 00:00:00","a","barca","rcd espanyol barcelona","0:02","rw","25","0:02","left-footed shot","Luis Suarez"
"14/15","liga","34","2015-04-28 00:00:00","h","barca","getafe cf","6:00","rw","47","6:00","left-footed shot","Luis Suarez"
"14/15","liga","35","2015-02-05 00:00:00","a","barca","cã³rdoba cf","0:08","rw","47","0:03","header","Dani Alves"
"14/15","liga","35","2015-02-05 00:00:00","a","barca","cã³rdoba cf","0:08","rw","80","0:06","left-footed shot","Luis Suarez"
"14/15","uefa champions league","semi-finals","2015-06-05 00:00:00","h","barca","bayern munich","3:00","rw","77","1:00","left-footed shot","Dani Alves"
"14/15","uefa champions league","semi-finals","2015-06-05 00:00:00","h","barca","bayern munich","3:00","rw","80","2:00","right-footed shot","Ivan Rakitic"
"14/15","liga","37","2015-05-17 00:00:00","a","barca","atletico de madrid","0:01","rw","65","0:01","left-footed shot","Pedro"
"14/15","liga","38","2015-05-23 00:00:00","h","barca","deportivo de la coruaa","2:02","rw","5","1:00","header","Rafinha"
"14/15","liga","38","2015-05-23 00:00:00","h","barca","deportivo de la coruaa","2:02","rw","59","2:00","right-footed shot","Neymar"
"14/15","copa del rey","final","2015-05-30 00:00:00","a","barca","athletic bilbao","1:03","rw","74","0:03","left-footed shot","Dani Alves"
"15/16","supercopa","final","2015-08-17 00:00:00","h","barca","athletic bilbao","1:01","rw","43","1:00","left-footed shot","Luis Suarez"
"15/16","liga","3","2015-12-09 00:00:00","a","barca","atletico de madrid","1:02","rw","77","1:02","left-footed shot","Luis Suarez"
"15/16","liga","4","2015-09-20 00:00:00","h","barca","levante ud","4:01","am","90","4:01","left-footed shot","Marc Bartra"
"15/16","uefa champions league","group stage","2015-11-24 00:00:00","h","barca","as roma","6:01","rw","18","2:00","left-footed shot","Luis Suarez"
"15/16","liga","13","2015-11-28 00:00:00","h","barca","real sociedad","4:00","rw","0","4:00","left-footed shot","Neymar"
"15/16","uefa champions league","group stage","2015-09-12 00:00:00","a","barca","bayer 04 leverkusen","1:01","cf","20","0:01","right-footed shot","Ivan Rakitic"
"15/16","fifa club world cup","final","2015-12-20 00:00:00","a","barca","ca river plate","0:03","rw","36","0:01","left-footed shot","Neymar"
"15/16","liga","17","2015-12-30 00:00:00","h","barca","real betis balompie","4:00","rw","33","2:00","right-footed shot","Neymar"
"15/16","copa del rey","last 16","2016-06-01 00:00:00","h","barca","rcd espanyol barcelona","4:01","rw","13","1:01","left-footed shot","Andres Iniesta"
"15/16","liga","19","2016-09-01 00:00:00","h","barca","granada cf","4:00","rw","8","1:00","left-footed shot","Arda Turan"
"15/16","liga","19","2016-09-01 00:00:00","h","barca","granada cf","4:00","rw","14","2:00","left-footed shot","Luis Suarez"
"15/16","liga","21","2016-01-23 00:00:00","a","barca","malaga cf","1:02","rw","51","1:02","left-footed shot","Adriano"
"15/16","liga","22","2016-01-30 00:00:00","h","barca","atletico de madrid","2:01","rw","30","1:01","left-footed shot","Jordi Alba"
"15/16","copa del rey","semi-finals","2016-03-02 00:00:00","h","barca","valencia cf","7:00","rw","29","3:00","left-footed shot","Neymar"
"15/16","copa del rey","semi-finals","2016-03-02 00:00:00","h","barca","valencia cf","7:00","rw","59","4:00","left-footed shot","Luis Suarez"
"15/16","liga","16","2016-02-17 00:00:00","a","barca","sporting gijã³n","1:03","rw","25","0:01","left-footed shot","Luis Suarez"
"15/16","liga","16","2016-02-17 00:00:00","a","barca","sporting gijã³n","1:03","rw","31","1:02","left-footed shot","Luis Suarez"
"15/16","uefa champions league","last 16","2016-02-23 00:00:00","a","barca","arsenal fc","0:02","rw","71","0:01","left-footed shot","Neymar"
"15/16","liga","27","2016-03-03 00:00:00","a","barca","rayo vallecano","1:05","rw","23","0:02","left-footed shot","Neymar"
"15/16","liga","27","2016-03-03 00:00:00","a","barca","rayo vallecano","1:05","rw","72","1:04","left-footed shot","Sergio Busquets"
"15/16","liga","28","2016-06-03 00:00:00","a","barca","sd eibar","0:04","rw","42","0:02","left-footed shot","Munir El Haddadi"
"15/16","liga","29","2016-12-03 00:00:00","h","barca","getafe cf","6:00","cf","41","4:00","left-footed shot","Arda Turan"
"15/16","uefa champions league","last 16","2016-03-16 00:00:00","h","barca","arsenal fc","3:01","rw","86","3:01","left-footed shot","Neymar"
"15/16","liga","33","2016-04-17 00:00:00","h","barca","valencia cf","1:02","rw","63","1:02","left-footed shot","Jordi Alba"
"15/16","liga","34","2016-04-20 00:00:00","a","barca","deportivo de la coruaa","0:08","rw","73","0:06","left-footed shot","Luis Suarez"
"16/17","supercopa","final","2016-08-17 00:00:00","h","barca","sevilla fc","3:00","rw","55","3:00","header","Lucas Digne"
"16/17","liga","1","2016-08-20 00:00:00","h","barca","real betis balompie","6:02","rw","37","2:01","left-footed shot","Sergi Roberto"
"16/17","liga","1","2016-08-20 00:00:00","h","barca","real betis balompie","6:02","rw","58","5:01","left-footed shot","Arda Turan"
"16/17","uefa champions league","group stage","2016-09-13 00:00:00","h","barca","celtic fc","7:00","rw","3","1:00","left-footed shot","Neymar"
"16/17","uefa champions league","group stage","2016-09-13 00:00:00","h","barca","celtic fc","7:00","rw","27","2:00","left-footed shot","Neymar"
"16/17","uefa champions league","group stage","2016-09-13 00:00:00","h","barca","celtic fc","7:00","rw","60","5:00","left-footed shot","Luis Suarez"
"16/17","liga","4","2016-09-17 00:00:00","a","barca","cd leganes","1:05","rw","15","0:01","left-footed shot","Luis Suarez"
"16/17","liga","8","2016-10-15 00:00:00","h","barca","deportivo de la coruaa","4:00","rw","58","4:00","left-footed shot","Neymar"
"16/17","uefa champions league","group stage","2016-10-19 00:00:00","h","barca","manchester city","4:00","rw","17","1:00","left-footed shot","Andres Iniesta"
"16/17","uefa champions league","group stage","2016-10-19 00:00:00","h","barca","manchester city","4:00","rw","61","2:00","left-footed shot","Andres Iniesta"
"16/17","uefa champions league","group stage","2016-10-19 00:00:00","h","barca","manchester city","4:00","rw","69","3:00","left-footed shot","Luis Suarez"
"16/17","liga","9","2016-10-22 00:00:00","a","barca","valencia cf","2:03","rw","22","0:01","left-footed shot","Ivan Rakitic"
"16/17","uefa champions league","group stage","2016-01-11 00:00:00","a","barca","manchester city","3:01","rw","21","0:01","left-footed shot","Neymar"
"16/17","liga","11","2016-06-11 00:00:00","a","barca","sevilla fc","1:02","rw","43","1:01","left-footed shot","Neymar"
"16/17","uefa champions league","group stage","2016-11-23 00:00:00","a","barca","celtic fc","0:02","rw","24","0:01","left-footed shot","Neymar"
"16/17","liga","13","2016-11-27 00:00:00","a","barca","real sociedad","1:01","rw","59","1:01","left-footed shot","Neymar"
"16/17","uefa champions league","group stage","2016-06-12 00:00:00","h","barca","borussia mã¶nchengladbach","4:00","rw","16","1:00","left-footed shot","Arda Turan"
"16/17","liga","15","2016-10-12 00:00:00","a","barca","ca osasuna","0:03","rw","72","0:02","left-footed shot","Jordi Alba"
"16/17","liga","15","2016-10-12 00:00:00","a","barca","ca osasuna","0:03","rw","0","0:03","left-footed shot","Sergio Busquets"
"16/17","liga","16","2016-12-18 00:00:00","h","barca","rcd espanyol barcelona","4:01","rw","90","4:01","left-footed shot","Luis Suarez"
"16/17","liga","19","2017-01-22 00:00:00","a","barca","sd eibar","0:04","rw","50","0:02","left-footed shot","Luis Suarez"
"16/17","copa del rey","semi-finals","2017-01-02 00:00:00","a","barca","atletico de madrid","1:02","rw","33","0:02","left-footed shot","Ivan Rakitic"
"16/17","liga","22","2017-11-02 00:00:00","a","barca","deportivo alaves","0:06","rw","59","0:03","left-footed shot","Neymar"
"16/17","liga","23","2017-02-19 00:00:00","h","barca","cd leganes","2:01","rw","4","1:00","right-footed shot","Luis Suarez"
"16/17","liga","25","2017-01-03 00:00:00","h","barca","sporting gijã³n","6:01","rw","9","1:00","header","Javier Mascherano"
"16/17","liga","26","2017-04-03 00:00:00","h","barca","celta de vigo","5:00","am","24","1:00","left-footed shot","Sergio Busquets"
"16/17","liga","28","2017-03-19 00:00:00","h","barca","valencia cf","4:02","am","53","3:02","right-footed shot","Javier Mascherano"
"16/17","liga","30","2017-05-04 00:00:00","h","barca","sevilla fc","3:00","rw","28","2:00","right-footed shot","Luis Suarez"
"16/17","liga","32","2017-04-15 00:00:00","h","barca","real sociedad","3:02","rw","17","1:00","left-footed shot","Luis Suarez"
"16/17","liga","33","2017-04-23 00:00:00","a","barca","real madrid","2:03","rw","33","1:01","left-footed shot","Ivan Rakitic"
"16/17","liga","33","2017-04-23 00:00:00","a","barca","real madrid","2:03","rw","0","2:03","left-footed shot","Jordi Alba"
"16/17","liga","34","2017-04-26 00:00:00","h","barca","ca osasuna","7:01","am","61","4:01","left-footed shot","Ivan Rakitic"
"16/17","liga","36","2017-06-05 00:00:00","h","barca","villarreal cf","4:01","rw","45","2:01","left-footed shot","Sergio Busquets"
"16/17","copa del rey","final","2017-05-27 00:00:00","h","barca","deportivo alaves","3:01","rw","30","1:00","left-footed shot","Neymar"
"17/18","liga","2","2017-08-26 00:00:00","a","barca","deportivo alaves","0:02","cf","55","0:01","left-footed shot","Jordi Alba"
"17/18","liga","2","2017-08-26 00:00:00","a","barca","deportivo alaves","0:02","cf","66","0:02","left-footed shot","Paco Alcacer"
"17/18","liga","3","2017-09-09 00:00:00","h","barca","rcd espanyol barcelona","5:00","cf","26","1:00","left-footed shot","Ivan Rakitic"
"17/18","liga","3","2017-09-09 00:00:00","h","barca","rcd espanyol barcelona","5:00","cf","35","2:00","right-footed shot","Jordi Alba"
"17/18","liga","3","2017-09-09 00:00:00","h","barca","rcd espanyol barcelona","5:00","cf","67","3:00","left-footed shot","Jordi Alba"
"17/18","uefa champions league","group stage","2017-12-09 00:00:00","h","barca","juventus fc","3:00","cf","45","1:00","left-footed shot","Luis Suarez"
"17/18","liga","5","2017-09-19 00:00:00","h","barca","sd eibar","6:01","cf","59","4:01","left-footed shot","Sergio Busquets"
"17/18","liga","5","2017-09-19 00:00:00","h","barca","sd eibar","6:01","cf","62","5:01","left-footed shot","Paulinho"
"17/18","liga","5","2017-09-19 00:00:00","h","barca","sd eibar","6:01","cf","87","6:01","left-footed shot","Aleix Vidal"
"17/18","liga","7","2017-01-10 00:00:00","h","barca","ud las palmas","3:00","ss","70","2:00","left-footed shot","Denis Suarez"
"17/18","liga","7","2017-01-10 00:00:00","h","barca","ud las palmas","3:00","ss","77","3:00","left-footed shot","Luis Suarez"
"17/18","liga","10","2017-10-28 00:00:00","a","barca","athletic bilbao","0:02","ss","37","0:01","left-footed shot","Jordi Alba"
"17/18","liga","14","2017-02-12 00:00:00","h","barca","celta de vigo","2:02","ss","22","1:01","left-footed shot","Paulinho"
"17/18","liga","15","2017-10-12 00:00:00","a","barca","villarreal cf","0:02","rw","83","0:02","left-footed shot","Sergio Busquets"
"17/18","liga","18","2018-07-01 00:00:00","h","barca","levante ud","3:00","ss","12","1:00","left-footed shot","Jordi Alba"
"17/18","copa del rey","last 16","2018-11-01 00:00:00","h","barca","celta de vigo","5:00","ss","13","1:00","left-footed shot","Jordi Alba"
"17/18","copa del rey","last 16","2018-11-01 00:00:00","h","barca","celta de vigo","5:00","ss","15","2:00","left-footed shot","Jordi Alba"
"17/18","liga","20","2018-01-21 00:00:00","a","barca","real betis balompie","0:05","ss","64","0:02","left-footed shot","Sergio Busquets"
"17/18","liga","20","2018-01-21 00:00:00","a","barca","real betis balompie","0:05","ss","80","0:04","left-footed shot","Luis Suarez"
"17/18","uefa champions league","last 16","2018-02-20 00:00:00","a","barca","chelsea fc","1:01","ss","75","1:01","left-footed shot","Andres Iniesta"
"17/18","liga","25","2018-02-24 00:00:00","h","barca","girona fc","6:01","ss","30","2:01","left-footed shot","Luis Suarez"
"17/18","uefa champions league","last 16","2018-03-14 00:00:00","h","barca","chelsea fc","3:00","ss","3","1:00","right-footed shot","Luis Suarez"
"17/18","uefa champions league","last 16","2018-03-14 00:00:00","h","barca","chelsea fc","3:00","ss","63","3:00","left-footed shot","Luis Suarez"
"17/18","liga","29","2018-03-18 00:00:00","h","barca","athletic bilbao","2:00","ss","30","2:00","left-footed shot","Ousmane Dembele"
"17/18","liga","30","2018-03-31 00:00:00","a","barca","sevilla fc","2:02","rw","89","2:02","left-footed shot","Philippe Coutinho"
"17/18","liga","31","2018-07-04 00:00:00","h","barca","cd leganes","3:01","ss","32","2:00","left-footed shot","Philippe Coutinho"
"17/18","liga","31","2018-07-04 00:00:00","h","barca","cd leganes","3:01","ss","87","3:01","left-footed shot","Ousmane Dembele"
"17/18","copa del rey","final","2018-04-21 00:00:00","a","barca","sevilla fc","0:05","ss","31","0:02","left-footed shot","Jordi Alba"
"17/18","liga","35","2018-04-29 00:00:00","a","barca","deportivo de la coruaa","2:04","cf","38","0:02","left-footed shot","Luis Suarez"
"17/18","liga","35","2018-04-29 00:00:00","a","barca","deportivo de la coruaa","2:04","cf","82","2:03","right-footed shot","Luis Suarez"
"17/18","liga","35","2018-04-29 00:00:00","a","barca","deportivo de la coruaa","2:04","cf","85","2:04","left-footed shot","Luis Suarez"
"17/18","liga","36","2018-06-05 00:00:00","h","barca","real madrid","2:02","ss","52","2:01","left-footed shot","Luis Suarez"
"17/18","liga","34","2018-09-05 00:00:00","h","barca","villarreal cf","5:01","cf","45","3:00","left-footed shot","Andres Iniesta"
"18/19","liga","1","2018-08-18 00:00:00","h","barca","deportivo alaves","3:00","rw","0","3:00","left-footed shot","Luis Suarez"
"18/19","liga","3","2018-02-09 00:00:00","h","barca","sd huesca","8:02","rw","16","1:01","right-footed shot","Ivan Rakitic"
"18/19","liga","3","2018-02-09 00:00:00","h","barca","sd huesca","8:02","rw","61","6:02","left-footed shot","Philippe Coutinho"
"18/19","uefa champions league","group stage","2018-09-18 00:00:00","h","barca","psv eindhoven","4:00","rw","77","3:00","left-footed shot","Ivan Rakitic"
"18/19","uefa champions league","group stage","2018-09-18 00:00:00","h","barca","psv eindhoven","4:00","rw","87","4:00","right-footed shot","Luis Suarez"
"18/19","liga","5","2018-09-23 00:00:00","h","barca","girona fc","2:02","rw","19","1:00","left-footed shot","Arturo Vidal"
"18/19","uefa champions league","group stage","2018-03-10 00:00:00","a","barca","tottenham hotspur","2:04","rw","56","1:03","left-footed shot","Jordi Alba"
"18/19","uefa champions league","group stage","2018-03-10 00:00:00","a","barca","tottenham hotspur","2:04","rw","90","2:04","left-footed shot","Jordi Alba"
"18/19","liga","8","2018-07-10 00:00:00","a","barca","valencia cf","1:01","rw","23","1:01","left-footed shot","Luis Suarez"
"18/19","liga","9","2018-10-20 00:00:00","h","barca","sevilla fc","4:02","rw","12","2:00","left-footed shot","Luis Suarez"
"18/19","liga","12","2018-11-11 00:00:00","h","barca","real betis balompie","3:04","ss","0","3:04","left-footed shot","Arturo Vidal"
"18/19","uefa champions league","group stage","2018-11-28 00:00:00","a","barca","psv eindhoven","1:02","cf","61","0:01","left-footed shot","Ousmane Dembele"
"18/19","liga","16","2018-12-16 00:00:00","a","barca","levante ud","0:05","ss","43","0:02","right-footed shot","Sergio Busquets"
"18/19","liga","16","2018-12-16 00:00:00","a","barca","levante ud","0:05","ss","60","0:04","left-footed shot","Arturo Vidal"
"18/19","liga","17","2018-12-22 00:00:00","h","barca","celta de vigo","2:00","rw","45","2:00","left-footed shot","Jordi Alba"
"18/19","liga","19","2019-01-13 00:00:00","h","barca","sd eibar","3:00","rw","53","2:00","left-footed shot","Luis Suarez"
"18/19","copa del rey","last 16","2019-01-17 00:00:00","h","barca","levante ud","3:00","cf","54","3:00","left-footed shot","Nelson Semedo"
"18/19","liga","20","2019-01-20 00:00:00","h","barca","cd leganes","3:01","ss","0","3:01","right-footed shot","Jordi Alba"
"18/19","liga","21","2019-01-27 00:00:00","a","barca","girona fc","0:02","rw","69","0:02","left-footed shot","Jordi Alba"
"18/19","copa del rey","quarter-finals","2019-01-30 00:00:00","h","barca","sevilla fc","6:01","rw","0","6:01","left-footed shot","Jordi Alba"
"18/19","liga","22","2019-02-02 00:00:00","h","barca","valencia cf","2:02","rw","64","2:02","left-footed shot","Arturo Vidal"
"18/19","liga","25","2019-02-23 00:00:00","a","barca","sevilla fc","2:04","rw","26","1:01","left-footed shot","Ivan Rakitic"
"18/19","liga","25","2019-02-23 00:00:00","a","barca","sevilla fc","2:04","rw","67","2:02","right-footed shot","Ousmane Dembele"
"18/19","uefa champions league","last 16","2019-03-13 00:00:00","h","barca","olympique lyon","5:01","rw","78","3:01","right-footed shot","Sergio Busquets"
"18/19","liga","28","2019-03-17 00:00:00","a","barca","real betis balompie","1:04","ss","0","0:02","left-footed shot","Luis Suarez"
"18/19","liga","28","2019-03-17 00:00:00","a","barca","real betis balompie","1:04","ss","85","1:04","left-footed shot","Ivan Rakitic"
"18/19","liga","29","2019-03-30 00:00:00","h","barca","rcd espanyol barcelona","2:00","rw","89","2:00","left-footed shot","Malcom"
"18/19","liga","35","2019-04-27 00:00:00","h","barca","levante ud","1:00","rw","62","1:00","left-footed shot","Arturo Vidal"
"18/19","uefa champions league","semi-finals","2019-01-05 00:00:00","h","barca","liverpool fc","3:00","rw","75","2:00","left-footed shot","Luis Suarez"
"18/19","liga","38","2019-05-19 00:00:00","a","barca","sd eibar","2:02","cf","31","1:01","left-footed shot","Arturo Vidal"
"18/19","liga","38","2019-05-19 00:00:00","a","barca","sd eibar","2:02","cf","32","1:02","left-footed shot","Ivan Rakitic"
"18/19","copa del rey","final","2019-05-25 00:00:00","h","barca","valencia cf","1:02","cf","73","1:02","left-footed shot","Clement Lenglet"
"19/20","liga","9","2019-10-19 00:00:00","a","barca","sd eibar","0:03","rw","58","0:02","left-footed shot","Antoine Griezmann"
"19/20","uefa champions league","group stage","2019-10-23 00:00:00","a","barca","sk slavia prague","1:02","rw","3","0:01","left-footed shot","Arthur"
"19/20","liga","11","2019-10-29 00:00:00","h","barca","real valladolid cf","5:01","rw","75","4:01","left-footed shot","Ivan Rakitic"
"19/20","uefa champions league","group stage","2019-11-27 00:00:00","h","barca","borussia dortmund","3:01","rw","33","2:00","left-footed shot","Luis Suarez"
"19/20","liga","15","2019-01-12 00:00:00","a","barca","atletico de madrid","0:01","rw","86","0:01","left-footed shot","Luis Suarez"
"19/20","liga","16","2019-07-12 00:00:00","h","barca","rcd mallorca","5:02","rw","17","2:00","left-footed shot","Antoine Griezmann"
"19/20","liga","16","2019-07-12 00:00:00","h","barca","rcd mallorca","5:02","rw","41","3:01","left-footed shot","Ivan Rakitic"
"19/20","liga","16","2019-07-12 00:00:00","h","barca","rcd mallorca","5:02","rw","83","5:02","left-footed shot","Luis Suarez"
"19/20","liga","18","2019-12-21 00:00:00","h","barca","deportivo alaves","4:01","rw","69","3:01","left-footed shot","Luis Suarez"
"19/20","supercopa","semi-finals","2020-09-01 00:00:00","h","barca","atletico de madrid","2:03","rw","51","1:01","right-footed shot","Luis Suarez"
"19/20","liga","20","2020-01-19 00:00:00","h","barca","granada cf","1:00","cf","76","1:00","right-footed shot","Arturo Vidal"
"19/20","copa del rey","round of 16","2020-01-30 00:00:00","h","barca","cd leganes","5:00","rw","59","3:00","left-footed shot","Frenkie de Jong"
"19/20","copa del rey","round of 16","2020-01-30 00:00:00","h","barca","cd leganes","5:00","rw","89","5:00","left-footed shot","Ivan Rakitic"
"19/20","liga","25","2020-02-22 00:00:00","h","barca","sd eibar","5:00","ss","14","1:00","left-footed shot","Ivan Rakitic"
"19/20","liga","25","2020-02-22 00:00:00","h","barca","sd eibar","5:00","ss","37","2:00","left-footed shot","Arturo Vidal"
"19/20","liga","28","2020-06-13 00:00:00","a","barca","rcd mallorca","0:04","rw","0","0:04","right-footed shot","Luis Suarez"
"19/20","liga","38","2020-07-19 00:00:00","a","barca","deportivo alaves","0:05","rw","34","0:02","left-footed shot","Riqui Puig"
"19/20","liga","38","2020-07-19 00:00:00","a","barca","deportivo alaves","0:05","rw","75","0:05","left-footed shot","Jordi Alba"
"20/21","liga","9","2020-07-11 00:00:00","h","barca","real betis balompie","5:02","cf","82","4:02","left-footed shot","Sergi Roberto"
"20/21","liga","11","2020-11-29 00:00:00","h","barca","ca osasuna","4:00","rw","73","4:00","left-footed shot","Francisco TrincÃ£o"
"20/21","liga","13","2020-12-13 00:00:00","h","barca","levante ud","1:00","cf","76","1:00","left-footed shot","Frenkie de Jong"
"20/21","liga","15","2020-12-22 00:00:00","a","barca","real valladolid cf","0:03","am","65","0:03","left-footed shot","Pedri"
"20/21","liga","2","2021-06-01 00:00:00","a","barca","athletic bilbao","2:03","cf","38","1:02","left-footed shot","Pedri"
"20/21","liga","2","2021-06-01 00:00:00","a","barca","athletic bilbao","2:03","cf","62","1:03","left-footed shot","Antoine Griezmann"
"20/21","liga","18","2021-09-01 00:00:00","a","barca","granada cf","0:04","cf","35","0:02","left-footed shot","Antoine Griezmann"
"20/21","copa del rey","round of 16","2021-01-27 00:00:00","a","barca","rayo vallecano","1:02","cf","69","1:01","left-footed shot","Antoine Griezmann"
"20/21","liga","22","2021-07-02 00:00:00","a","barca","real betis balompie","2:03","cf","59","1:01","left-footed shot","Ousmane Dembele"
"20/21","liga","23","2021-02-13 00:00:00","h","barca","deportivo alaves","5:01","cf","0","2:00","left-footed shot","Sergio Busquets"
"20/21","liga","23","2021-02-13 00:00:00","h","barca","deportivo alaves","5:01","cf","75","4:01","left-footed shot","Antoine Griezmann"
"20/21","liga","1","2021-02-24 00:00:00","h","barca","elche cf","3:00","cf","48","1:00","left-footed shot","Martin Braithwaite"
"20/21","liga","1","2021-02-24 00:00:00","h","barca","elche cf","3:00","cf","68","2:00","left-footed shot","Frenkie de Jong"
"20/21","liga","25","2021-02-27 00:00:00","a","barca","sevilla fc","0:02","cf","85","0:02","right-footed shot","Ilaix Moriba"
"20/21","uefa champions league","last 16","2021-10-03 00:00:00","a","barca","paris saint-germain","1:01","ss","37","1:01","long distance kick","Pedri"
"20/21","liga","27","2021-03-15 00:00:00","h","barca","sd huesca","4:01","ss","13","1:00","left-footed shot","Sergio Busquets"
"20/21","liga","27","2021-03-15 00:00:00","h","barca","sd huesca","4:01","ss","90","4:01","left-footed shot","Francisco TrincÃ£o"
"20/21","liga","28","2021-03-21 00:00:00","a","barca","real sociedad","1:06","ss","56","0:04","left-footed shot","Sergio Busquets"
"20/21","liga","28","2021-03-21 00:00:00","a","barca","real sociedad","1:06","ss","89","1:06","left-footed shot","Jordi Alba"
"20/21","copa del rey","final","2021-04-17 00:00:00","a","barca","athletic bilbao","0:04","cf","68","0:03","left-footed shot","Frenkie de Jong"
"20/21","copa del rey","final","2021-04-17 00:00:00","a","barca","athletic bilbao","0:04","cf","72","0:04","left-footed shot","Jordi Alba"
"20/21","liga","31","2021-04-22 00:00:00","h","barca","getafe cf","5:02","cf","8","1:00","left-footed shot","Sergio Busquets"
"20/21","liga","33","2021-04-29 00:00:00","h","barca","granada cf","1:02","cf","23","1:00","left-footed shot","Antoine Griezmann"
"20/21","liga","37","2021-05-16 00:00:00","h","barca","celta de vigo","1:02","ss","28","1:00","header","Sergio Busquets"
"21/22","uefa champions league","group stage","2021-09-28 00:00:00","h","paris saint-germain","manchester city","2:00","rw","74","2:00","left-footed shot","Kylian Mbappe"
"21/22","uefa champions league","group stage","2021-10-19 00:00:00","h","paris saint-germain","rb leipzig","3:02","rw","67","2:02","left-footed shot","Kylian Mbappe"
"21/22","ligue 1","14","2021-11-20 00:00:00","h","paris saint-germain","fc nantes","3:01","rw","87","3:01","left-footed shot","Kylian Mbappe"
"21/22","uefa champions league","group stage","2021-07-12 00:00:00","h","paris saint-germain","club brugge kv","4:01","cf","38","3:00","left-footed shot","Kylian Mbappe"
"21/22","ligue 1","30","2022-03-04 00:00:00","h","paris saint-germain","fc lorient","5:01","rw","73","4:01","left-footed shot","Kylian Mbappe"
"21/22","ligue 1","34","2022-04-23 00:00:00","h","paris saint-germain","rc lens","1:01","rw","68","1:00","left-footed shot","Neymar"
"21/22","ligue 1","37","2022-05-14 00:00:00","a","paris saint-germain","montpellier","0:04","cf","6","0:01","left-footed shot","Kylian Mbappé"
"21/22","ligue 1","37","2022-05-14 00:00:00","a","paris saint-germain","montpellier","0:04","cf","20","0:02","left-footed shot","Kylian Mbappé"
"21/22","ligue 1","1","2022-06-08 00:00:00","a","paris saint-germain","clermont foot","0:05","cf","80","0:04","left-footed shot","Neymar"
"21/22","ligue 1","1","2022-06-08 00:00:00","a","paris saint-germain","clermont foot","0:05","cf","86","0:05","left-footed shot","Leandro Paredes"
"22/23","ligue 1","1","2022-06-08 00:00:00","a","paris saint-germain","clermont foot","0:05","cf","80","0:04","left-footed shot","Neymar"
"22/23","ligue 1","1","2022-06-08 00:00:00","a","paris saint-germain","clermont foot","0:05","cf","86","0:05","left-footed shot","Leandro Paredes"
"22/23","ligue 1","3","2022-08-21 00:00:00","a","paris saint-germain","losc lille","1:07","am","27","0:02","right-footed shot","Nuno Mendes"
"22/23","ligue 1","8","2022-09-18 00:00:00","a","paris saint-germain","olympique lyon","0:01","am","5","0:01","left-footed shot","Neymar"
"22/23","uefa champions league","group stage","2022-05-10 00:00:00","a","paris saint-germain","sl benfica","1:1","am","22","0:1","left-footed shot","Neymar"
"22/23","ligue 1","12","2022-10-21 00:00:00","a","paris saint-germain","ac ajaccio","0:3","cf","78","0:2","left-footed shot","Kylian Mbappe"
"22/23","uefa champions league","group stage","2022-10-25 00:00:00","h","paris saint-germain","maccabi haifa","7:2","ss","19","1:0","left-footed shot","Kylian Mbappe"
"22/23","uefa champions league","group stage","2022-10-25 00:00:00","h","paris saint-germain","maccabi haifa","7:2","ss","44","4:1","left-footed shot","Kylian Mbappe"
"22/23","ligue 1","13","2022-10-29 00:00:00","h","paris saint-germain","estac troyes","4:3","rw","55","2:2","left-footed shot","Sergio Ramos"
"22/23","ligue 1","18","2023-11-01 00:00:00","h","paris saint-germain","angers sco","2:0","am","72","2:0","right-footed shot","Nordi Mukiele"
"22/23","ligue 1","21","2023-01-02 00:00:00","a","paris saint-germain","montpellier hsc","1:3","ss","72","0:2","left-footed shot","Fabián Ruiz"
"22/23","ligue 1","22","2023-04-02 00:00:00","h","paris saint-germain","fc toulouse","2:1","ss","58","2:1","left-footed shot","Achraf Hakimi"
"22/23","ligue 1","24","2023-02-19 00:00:00","h","paris saint-germain","losc lille","4:3","cf","0","4:3","direct free kick","	"
"22/23","ligue 1","25","2023-02-26 00:00:00","a","paris saint-germain","olympique marseille","0:3","cf","29","0:2","right-footed shot","Kylian Mbappé"
